sno,name,price,qty
1,name1,11,
2,name2,12,
3,name3,98,
4,name4,333,
5,a long name,3,
4,name4,333,
5,name5,334,
6,name6,335,
7,name7,336,
8,name8,337,
9,name9,338,
10,name10,339,
11,name11,340,
12,name12,341,
13,name13,342,
14,name14,343,
15,name15,344,
16,name16,345,
17,name17,346,
18,name18,347,
19,name19,348,
20,name20,349,
21,name21,350,
22,name22,351,
23,name23,352,
24,name24,353,
25,name25,354,
26,name26,355,
27,name27,356,
28,name28,357,
29,name29,358,
30,name30,359,
31,name31,360,
32,name32,361,
33,name33,362,
34,name34,363,
35,name35,364,
36,name36,365,
37,name37,366,
38,name38,367,
39,name39,368,
40,name40,369,
41,name41,370,
42,name42,371,
43,name43,372,
44,name44,373,
45,name45,374,
46,name46,375,
47,name47,376,
48,name48,377,
49,name49,378,
50,name50,379,
51,name51,380,
52,name52,381,
53,name53,382,
54,name54,383,
55,name55,384,
56,name56,385,
57,name57,386,
58,name58,387,
59,name59,388,
60,name60,389,
61,name61,390,
62,name62,391,
63,name63,392,
64,name64,393,
65,name65,394,
66,name66,395,
67,name67,396,
68,name68,397,
69,name69,398,
70,name70,399,
71,name71,400,
72,name72,401,
73,name73,402,
74,name74,403,
75,name75,404,
76,name76,405,
77,name77,406,
78,name78,407,
79,name79,408,
80,name80,409,
81,name81,410,
82,name82,411,
83,name83,412,
84,name84,413,
85,name85,414,
86,name86,415,
87,name87,416,
88,name88,417,
89,name89,418,
90,name90,419,
91,name91,420,
92,name92,421,
93,name93,422,
94,name94,423,
95,name95,424,
96,name96,425,
97,name97,426,
98,name98,427,
99,name99,428,
100,name100,429,
101,name101,430,
102,name102,431,
103,name103,432,
104,name104,433,
105,name105,434,
106,name106,435,
107,name107,436,
108,name108,437,
109,name109,438,
110,name110,439,
111,name111,440,
112,name112,441,
113,name113,442,
114,name114,443,
115,name115,444,
116,name116,445,
117,name117,446,
118,name118,447,
119,name119,448,
120,name120,449,
121,name121,450,
122,name122,451,
123,name123,452,
124,name124,453,
125,name125,454,
126,name126,455,
127,name127,456,
128,name128,457,
129,name129,458,
130,name130,459,
131,name131,460,
132,name132,461,
133,name133,462,
134,name134,463,
135,name135,464,
136,name136,465,
137,name137,466,
138,name138,467,
139,name139,468,
140,name140,469,
141,name141,470,
142,name142,471,
143,name143,472,
144,name144,473,
145,name145,474,
146,name146,475,
147,name147,476,
148,name148,477,
149,name149,478,
150,name150,479,
151,name151,480,
152,name152,481,
153,name153,482,
154,name154,483,
155,name155,484,
156,name156,485,
157,name157,486,
158,name158,487,
159,name159,488,
160,name160,489,
161,name161,490,
162,name162,491,
163,name163,492,
164,name164,493,
165,name165,494,
166,name166,495,
167,name167,496,
168,name168,497,
169,name169,498,
170,name170,499,
171,name171,500,
172,name172,501,
173,name173,502,
174,name174,503,
175,name175,504,
176,name176,505,
177,name177,506,
178,name178,507,
179,name179,508,
180,name180,509,
181,name181,510,
182,name182,511,
183,name183,512,
184,name184,513,
185,name185,514,
186,name186,515,
187,name187,516,
188,name188,517,
189,name189,518,
190,name190,519,
191,name191,520,
192,name192,521,
193,name193,522,
194,name194,523,
195,name195,524,
196,name196,525,
197,name197,526,
198,name198,527,
199,name199,528,
200,name200,529,
201,name201,530,
202,name202,531,
203,name203,532,
204,name204,533,
205,name205,534,
206,name206,535,
207,name207,536,
208,name208,537,
209,name209,538,
210,name210,539,
211,name211,540,
212,name212,541,
213,name213,542,
214,name214,543,
215,name215,544,
216,name216,545,
217,name217,546,
218,name218,547,
219,name219,548,
220,name220,549,
221,name221,550,
222,name222,551,
223,name223,552,
224,name224,553,
225,name225,554,
226,name226,555,
227,name227,556,
228,name228,557,
229,name229,558,
230,name230,559,
231,name231,560,
232,name232,561,
233,name233,562,
234,name234,563,
235,name235,564,
236,name236,565,
237,name237,566,
238,name238,567,
239,name239,568,
240,name240,569,
241,name241,570,
242,name242,571,
243,name243,572,
244,name244,573,
245,name245,574,
246,name246,575,
247,name247,576,
248,name248,577,
249,name249,578,
250,name250,579,
251,name251,580,
252,name252,581,
253,name253,582,
254,name254,583,
255,name255,584,
256,name256,585,
257,name257,586,
258,name258,587,
259,name259,588,
260,name260,589,
261,name261,590,
262,name262,591,
263,name263,592,
264,name264,593,
265,name265,594,
266,name266,595,
267,name267,596,
